Elapsed time [s],WLTP [km/h],WLTP Current [A],Current Adapted [A]
0,0,0,0
1,0,0,0
2,0,0,0
3,0,0,0
4,0,0,0
5,0,0,0
6,0,0,0
7,0,0,0
8,0,0,0
9,0,0,0
10,0,0,0
11,0,0,0
12,0.2,0.01876499,0
13,1.7,1.215799389,-0.05
14,5.4,9.421223227,-0.4
15,9.9,21.79758317,-0.93
16,13.1,21.84706762,-0.93
17,16.9,33.21184735,-1.42
18,21.7,53.34734258,-2.28
19,26,58.17701039,-2.48
20,27.5,24.90480989,-1.06
21,28.1,13.40734388,-0.57
22,28.3,8.045316719,-0.34
23,28.8,12.38241723,-0.53
24,29.1,9.715435763,-0.41
25,30.8,30.78526504,-1.31
26,31.9,23.09794208,-0.99
27,34.1,41.88149371,-1.79
28,36.6,49.88944311,-2.13
29,39.1,53.2707298,-2.27
30,41.3,50.7417556,-2.16
31,42.5,33.47273109,-1.43
32,43.3,26.14295613,-1.11
33,43.9,22.30280006,-0.95
34,44.4,20.4527651,-0.87
35,44.5,11.87562154,-0.51
36,44.2,3.201821282,-0.14
37,42.7,-16.38916437,0.7
38,39.9,-35.42345174,1.51
39,37,-34.3409835,1.46
40,34.6,-25.44413799,1.09
41,32.3,-22.55927989,0.96
42,29,-31.18123702,1.33
43,25.1,-32.23948611,1.37
44,22.2,-20.47808214,0.87
45,20.9,-7.102062183,0.3
46,20.4,-0.996045226,0.08
47,19.5,-3.808325406,0.16
48,18.4,-4.953715192,0.21
49,17.8,-1.533889913,0.08
50,17.8,3.091059308,0
51,17.4,-0.250479328,0.08
52,15.7,-6.492941332,0.28
53,13.1,-6.269536518,0.27
54,12.1,-1.103223423,0.08
55,12,1.426550237,-0.06
56,12,2.015266086,-0.09
57,12,2.016028653,-0.09
58,12.3,3.837007816,-0.16
59,12.6,3.936833551,-0.17
60,14.7,17.14386132,-0.73
61,15.3,7.030763138,-0.3
62,15.9,7.310566684,-0.31
63,16.2,5.126372779,-0.22
64,17.1,10.33943747,-0.44
65,17.8,9.081385805,-0.39
66,18.1,5.767570683,-0.25
67,18.4,5.868310171,-0.25
68,20.3,22.06240776,-0.94
69,23.2,36.42372397,-1.55
70,26.5,46.66184515,-1.99
71,29.8,52.14605763,-2.22
72,32.6,49.16866587,-2.1
73,34.4,36.00727627,-1.54
74,35.5,25.93507752,-1.11
75,36.4,23.2071877,-0.99
76,37.4,25.7343975,-1.1
77,38.5,28.33718441,-1.21
78,39.3,23.38822363,-1
79,39.5,12.03398231,-0.51
80,39,-1.03653105,0.08
81,38.5,-1.051956195,0.08
82,37.3,-10.5744276,0.45
83,37,2.130340618,-0.09
84,36.7,2.092316759,-0.09
85,35.9,-5.032280872,0.21
86,35.3,-2.410266526,0.1
87,34.6,-3.65404324,0.16
88,34.2,0.137102468,0
89,31.9,-22.2942631,0.95
90,27.3,-42.29686365,1.62
91,22,-39.63919028,1.62
92,17,-27.66369108,1.18
93,14.2,-9.071867881,0.39
94,12,-3.264323125,0.14
95,9.1,-1.13E-09,0
96,5.8,-2.03E-14,0
97,3.6,-1.27E-14,0
98,2.2,-7.71E-15,0
99,0,-1.61E-15,0
100,0,-2.74E-16,0
101,0,-1.15E-16,0
102,0,-6.37E-17,0
103,0,-3.98E-17,0
104,0,-2.65E-17,0
105,0,-1.83E-17,0
106,0,-1.30E-17,0
107,0,-9.38E-18,0
108,0,-6.83E-18,0
109,0,-5.03E-18,0
110,0,-3.73E-18,0
111,0,-2.77E-18,0
112,0,-2.07E-18,0
113,0,-1.54E-18,0
114,0,-1.16E-18,0
115,0,-8.66E-19,0
116,0,-6.49E-19,0
117,0,-4.89E-19,0
118,0,-3.67E-19,0
119,0,-2.75E-19,0
120,0,-2.07E-19,0
121,0,-1.56E-19,0
122,0,-1.17E-19,0
123,0,-8.82E-20,0
124,0,-6.63E-20,0
125,0,-4.99E-20,0
126,0,-3.74E-20,0
127,0,-2.82E-20,0
128,0,-2.12E-20,0
129,0,-1.60E-20,0
130,0,-1.20E-20,0
131,0,-9.05E-21,0
132,0,-6.80E-21,0
133,0,-5.12E-21,0
134,0,-3.85E-21,0
135,0,-2.90E-21,0
136,0,-2.18E-21,0
137,0,-1.64E-21,0
138,0.2,0.018777425,0
139,1.9,1.525593486,-0.07
140,6.1,11.99424904,-0.51
141,11.7,31.67675156,-1.35
142,16.4,38.96722084,-1.66
143,18.9,25.8665169,-1.1
144,19.9,13.07989661,-0.56
145,20.8,12.69833551,-0.54
146,22.8,26.00342713,-1.11
147,25.4,36.36599283,-1.55
148,27.7,35.53436653,-1.52
149,29.2,26.47897899,-1.13
150,29.8,14.31222717,-0.61
151,29.4,-0.090492756,0.08
152,27.2,-18.04414288,0.77
153,22.6,-34.89363832,1.49
154,17.3,-31.28739539,1.33
155,13.3,-11.20126161,0.48
156,12,-1.562755801,0.08
157,12.6,5.723845716,-0.24
158,14.1,12.46417773,-0.53
159,17.2,28.26229316,-1.21
160,20.1,31.37379735,-1.34
161,23.4,41.21697693,-1.76
162,25.5,30.41643391,-1.3
163,27.6,32.81556375,-1.4
164,29.5,32.255432,-1.38
165,31.1,29.67611021,-1.27
166,32.1,21.7585814,-0.93
167,33.2,24.13041416,-1.03
168,35.2,40.06077258,-1.71
169,37.2,42.35330302,-1.81
170,38,22.52056567,-0.96
171,37.4,-2.44353067,0.1
172,35.1,-24.45762437,1.04
173,31,-42.6466087,1.62
174,27.1,-35.01722038,1.49
175,25.3,-13.09307939,0.56
176,25.1,2.165844145,-0.09
177,25.9,14.7730288,-0.63
178,27.8,30.43131604,-1.3
179,29.2,25.12170398,-1.07
180,29.6,11.34776398,-0.48
181,29.5,4.16901442,-0.18
182,29.2,1.285844492,-0.05
183,28.3,-5.274122475,0.22
184,26.1,-17.32580913,0.74
185,23.6,-18.28851287,0.78
186,21,-17.11710329,0.73
187,18.9,-11.99648601,0.51
188,17.1,-8.480312665,0.36
189,15.7,-5.039141254,0.21
190,14.5,-3.269635272,0.14
191,13.7,-1.415837825,0.08
192,12.9,-1.091206837,0.08
193,12.5,-0.105648691,0.08
194,12.2,0.286506119,-0.04
195,12,0.859987968,-0.04
196,12,2.015940757,-0.09
197,12,2.017439527,-0.09
198,12,2.01744528,-0.09
199,12.5,5.097961217,-0.22
200,13,5.313474343,-0.23
201,14,9.069969855,-0.39
202,15,9.745353406,-0.42
203,16.5,14.6786268,-0.63
204,19,26.00636257,-1.11
205,21.2,26.13431093,-1.11
206,23.8,34.03286261,-1.45
207,26.9,44.79735786,-1.91
208,29.6,43.442761,-1.85
209,32,42.32864966,-1.81
210,35.2,59.62377757,-2.54
211,37.5,47.76785188,-2.04
212,39.2,39.42308385,-1.68
213,40.5,33.58237138,-1.43
214,41.6,30.8866753,-1.32
215,43.1,39.73041636,-1.69
216,45,49.52171744,-2.11
217,47.1,56.07784957,-2.39
218,49,54.18202583,-2.31
219,50.6,49.47697566,-2.11
220,51.8,41.80847162,-1.78
221,52.7,35.66174264,-1.52
222,53.1,23.05154872,-0.98
223,53.5,23.28265527,-0.99
224,53.8,20.83867323,-0.89
225,54.2,23.69038724,-1.01
226,54.8,29.38254496,-1.25
227,55.3,27.03253555,-1.15
228,55.8,27.35511302,-1.17
229,56.2,24.87634997,-1.06
230,56.5,22.30554264,-0.95
231,56.5,14.06074598,-0.6
232,56.2,5.753024975,-0.25
233,54.9,-15.89054189,0.68
234,52.9,-29.06555575,1.24
235,51,-26.23231884,1.12
236,49.8,-13.10017647,0.56
237,49.2,-2.264907154,0.1
238,48.4,-5.821362979,0.25
239,46.9,-17.68815816,0.75
240,44.3,-35.69271501,1.52
241,41.5,-36.84521705,1.57
242,39.5,-22.69759697,0.97
243,37,-28.61990373,1.22
244,34.6,-25.47829794,1.09
245,32.3,-22.58958263,0.96
246,29,-31.22304556,1.33
247,25.1,-32.28270117,1.38
248,22.2,-20.50559574,0.87
249,20.9,-7.111629932,0.3
250,20.4,-0.997388736,0.08
251,19.5,-3.813459262,0.16
252,18.4,-4.960391489,0.21
253,17.8,-1.53595722,0.08
254,17.8,3.095231672,0
255,17.4,-0.250817164,0.08
256,15.7,-6.501689438,0.28
257,14.5,-3.272172166,0.14
258,15.4,9.276339878,-0.4
259,17.9,24.45201749,-1.04
260,20.6,30.26646781,-1.29
261,23.2,33.15897926,-1.41
262,25.7,35.57768396,-1.52
263,28.7,46.29478135,-1.97
264,32.5,64.40283212,-2.75
265,36.1,67.92975673,-2.9
266,39,60.51663597,-2.58
267,40.8,42.94028988,-1.83
268,42.9,50.93569247,-2.17
269,44.4,41.04342061,-1.75
270,45.9,42.54142924,-1.81
271,46,12.45464588,-0.53
272,45.6,1.241906373,-0.05
273,45.3,3.398754537,-0.14
274,43.7,-18.31286645,0.78
275,40.8,-37.86423278,1.61
276,38,-33.83129835,1.44
277,34.4,-41.14536084,1.62
278,30.9,-35.67080973,1.52
279,25.5,-46.84033396,1.62
280,21.4,-29.21743385,1.25
281,20.2,-6.151446605,0.26
282,22.9,33.8004237,-1.44
283,26.6,51.96425857,-2.22
284,30.2,57.18206455,-2.44
285,34.1,69.08840498,-2.95
286,37.4,65.08399503,-2.78
287,40.7,70.76640586,-3.02
288,44,76.51708935,-3.26
289,47.3,82.34020699,-3.51
290,49.2,54.46340931,-2.32
291,49.8,26.05965413,-1.11
292,49.2,-2.266007106,0.1
293,48.1,-11.06241215,0.47
294,47.3,-5.785335204,0.25
295,46.8,-0.651691428,0.08
296,46.7,8.187822219,-0.35
297,46.8,12.76232296,-0.54
298,47.1,17.45660809,-0.74
299,47.3,15.25403241,-0.65
300,47.3,10.65751947,-0.45
301,47.1,6.016675649,-0.26
302,46.6,-0.665249813,0.08
303,45.8,-5.722353383,0.24
304,44.8,-8.933997357,0.38
305,43.3,-16.60969125,0.71
306,41.8,-16.13742597,0.69
307,40.8,-8.402360491,0.36
308,40.3,-0.993241701,0.08
309,40.1,4.503933301,-0.19
310,39.7,0.576454559,-0.04
311,39.2,-1.031927612,0.08
312,38.5,-3.859392877,0.16
313,37.4,-9.255600947,0.39
314,36,-12.91021318,0.55
315,34.4,-14.91611703,0.64
316,33,-11.97235044,0.51
317,31.7,-10.40163884,0.44
318,30,-14.27819143,0.61
319,28,-16.502372,0.7
320,26.1,-14.46041276,0.62
321,25.6,-1.121830479,0.08
322,24.9,-2.925198589,0.12
323,24.9,4.55652645,-0.19
324,24.3,-1.983821588,0.08
325,23.9,-0.218225383,0.08
326,23.9,4.340672867,-0.19
327,23.6,0.849133151,-0.04
328,23.3,0.828467448,-0.04
329,20.5,-18.25131261,0.78
330,17.5,-16.65420209,0.71
331,16.9,-1.388156918,0.08
332,16.7,1.271737932,0
333,15.9,-2.207463198,0.09
334,15.6,0.41471472,0
335,15,-1.044511755,0.08
336,14.5,-0.563073429,0.08
337,14.3,1.054589546,-0.04
338,14.5,3.8699647,-0.17
339,15.4,9.290674759,-0.4
340,17.8,23.48935526,-1
341,21.1,37.04938191,-1.58
342,24.1,39.1340382,-1.67
343,25,15.45749965,-0.66
344,25.3,8.319446548,-0.35
345,25.5,7.158232645,-0.31
346,26.4,16.37832873,-0.7
347,26.6,7.511396747,-0.32
348,27.1,11.6054122,-0.49
349,27.7,13.22916863,-0.56
350,28.1,10.7196134,-0.46
351,28.2,6.666164544,-0.28
352,28.1,3.915344934,-0.17
353,28,3.896848662,-0.17
354,27.9,3.878687118,-0.17
355,27.9,5.230352662,-0.22
356,28.1,7.998508847,-0.34
357,28.2,6.666091487,-0.28
358,28,2.540397121,-0.11
359,26.9,-7.025742977,0.3
360,25,-13.88135399,0.59
361,23.2,-12.08320731,0.52
362,21.9,-7.43649545,0.32
363,21.1,-3.328702216,0.14
364,20.7,-0.252492849,0.08
365,20.7,3.674022245,-0.16
366,20.8,4.700915488,-0.2
367,21.2,7.873151948,-0.34
368,22.1,13.56005311,-0.58
369,23.5,20.12533351,-0.86
370,24.3,13.82470943,-0.59
371,24.5,6.844311695,-0.29
372,23.8,-2.823673235,0.12
373,21.3,-16.59986376,0.71
374,17.7,-21.06861677,0.9
375,14.4,-11.49047312,0.49
376,11.9,-3.693169729,0.16
377,10.2,-4.22E-05,0
378,8.9,2.23E-13,0
379,8,1.99E-13,0
380,7.2,1.79E-13,0
381,6.1,1.54E-13,0
382,4.9,1.25E-13,0
383,3.7,9.58E-14,0
384,2.3,6.29E-14,0
385,0.9,2.91E-14,0
386,0,6.19E-15,0
387,0,1.58E-15,0
388,0,7.44E-16,0
389,0,4.32E-16,0
390,0,2.76E-16,0
391,0,1.86E-16,0
392,0.5,0.117247758,-0.04
393,2.1,1.66227523,-0.07
394,4.8,6.433205462,-0.27
395,8.3,14.53639625,-0.62
396,12.3,24.90691174,-1.06
397,16.6,36.50328629,-1.56
398,20.9,46.52927801,-1.98
399,24.2,42.77836191,-1.82
400,25.6,22.00815797,-0.94
401,25.6,4.715321419,-0.2
402,24.9,-2.926254158,0.12
403,23.3,-10.43210927,0.44
404,21.6,-10.50131768,0.45
405,20.2,-7.633808393,0.33
406,18.7,-7.779660644,0.33
407,17,-7.806464541,0.33
408,15.3,-6.095753442,0.26
409,14.2,-2.700468904,0.12
410,13.9,0.343134625,-0.04
411,14,3.056308771,-0.13
412,14.2,3.788345634,-0.16
413,14.5,4.570345104,-0.19
414,14.9,5.418923204,-0.23
415,15.9,10.36744079,-0.44
416,17.4,15.53767346,-0.66
417,18.7,14.96333506,-0.64
418,19.1,7.046460268,-0.3
419,18.8,0.567700813,-0.04
420,17.6,-5.260138313,0.22
421,16.6,-3.542585832,0.15
422,16.2,-0.227337759,0.08
423,16.4,4.41210553,-0.19
424,17.2,9.604177793,-0.41
425,19.1,20.75824688,-0.89
426,22.6,41.96599508,-1.79
427,27.4,67.79073392,-2.89
428,31.6,68.72634102,-2.93
429,33.4,35.03747902,-1.49
430,33.5,8.219822965,-0.35
431,32.8,-3.550582678,0.15
432,31.9,-5.815777454,0.25
433,31.3,-2.307024385,0.1
434,31.1,2.975443107,0
435,30.6,-1.166115796,0.08
436,29.2,-10.74332155,0.46
437,26.7,-20.72517126,0.88
438,23,-27.9807944,1.19
439,18.2,-29.73611625,1.27
440,12.9,-14.15693459,0.6
441,7.7,-2.03E-09,0
442,3.8,1.23E-13,0
443,1.3,4.89E-14,0
444,0.2,1.22E-14,0
445,0,2.88E-15,0
446,0,1.10E-15,0
447,0,5.88E-16,0
448,0,3.61E-16,0
449,0,2.38E-16,0
450,0,1.64E-16,0
451,0,1.16E-16,0
452,0,8.33E-17,0
453,0,6.07E-17,0
454,0,4.46E-17,0
455,0,3.29E-17,0
456,0,2.45E-17,0
457,0,1.82E-17,0
458,0,1.36E-17,0
459,0,1.02E-17,0
460,0,7.64E-18,0
461,0,5.73E-18,0
462,0,4.30E-18,0
463,0,3.23E-18,0
464,0,2.43E-18,0
465,0,1.83E-18,0
466,0,1.37E-18,0
467,0,1.03E-18,0
468,0,7.76E-19,0
469,0,5.84E-19,0
470,0,4.39E-19,0
471,0,3.31E-19,0
472,0,2.49E-19,0
473,0,1.87E-19,0
474,0,1.41E-19,0
475,0,1.06E-19,0
476,0,7.97E-20,0
477,0,6.00E-20,0
478,0,4.51E-20,0
479,0,3.39E-20,0
480,0,2.55E-20,0
481,0,1.92E-20,0
482,0,1.45E-20,0
483,0,1.09E-20,0
484,0,8.19E-21,0
485,0,6.16E-21,0
486,0,4.64E-21,0
487,0,3.49E-21,0
488,0,2.62E-21,0
489,0,1.98E-21,0
490,0,1.49E-21,0
491,0,1.12E-21,0
492,0,8.41E-22,0
493,0,6.33E-22,0
494,0,4.76E-22,0
495,0,3.58E-22,0
496,0,2.70E-22,0
497,0,2.03E-22,0
498,0,1.53E-22,0
499,0,1.15E-22,0
500,0,8.65E-23,0
501,0,6.51E-23,0
502,0,4.90E-23,0
503,0,3.68E-23,0
504,0,2.77E-23,0
505,0,2.09E-23,0
506,0,1.57E-23,0
507,0,1.18E-23,0
508,0,8.89E-24,0
509,0,6.69E-24,0
510,0,5.04E-24,0
511,0,3.79E-24,0
512,0.5,0.117344886,-0.04
513,2.5,2.408395478,-0.1
514,6.6,12.88557323,-0.55
515,11.8,30.02507876,-1.28
516,16.8,42.36516161,-1.81
517,20.5,39.84069115,-1.7
518,21.9,18.70691142,-0.8
519,21.9,3.926284137,-0.17
520,21.3,-1.802561617,0.08
521,20.3,-4.702317975,0.2
522,19.2,-5.169131882,0.22
523,17.8,-6.728134266,0.29
524,15.5,-9.155506523,0.39
525,11.9,-6.061532885,0.26
526,7.6,-1.50E-12,0
527,4,-4.47E-13,0
528,2,-2.26E-13,0
529,1,-1.11E-13,0
530,0,-2.47E-14,0
531,0,-6.11E-15,0
532,0,-2.85E-15,0
533,0.2,0.018687762,0
534,1.2,0.593917016,-0.04
535,3.2,3.226573537,-0.14
536,5.2,5.539051053,-0.24
537,8.2,12.58462026,-0.54
538,13,31.04844962,-1.32
539,18.8,54.64080861,-2.33
540,23.1,51.71553119,-2.21
541,24.5,21.04495714,-0.9
542,24.5,4.476790224,-0.19
543,24.3,2.075999513,-0.09
544,23.6,-2.806188654,0.12
545,22.3,-7.567430426,0.32
546,20.1,-13.49314853,0.58
547,18.5,-8.381501109,0.36
548,17.2,-5.614466432,0.24
549,16.3,-2.871447494,0.12
550,15.4,-2.4990095,0.11
551,14.7,-1.389547263,0.08
552,14.3,-0.174532314,0.08
553,13.7,-0.780240981,0.08
554,13.3,-0.137828798,0.08
555,13.1,0.952687307,-0.04
556,13.1,2.218861369,-0.09
557,13.3,3.536697973,-0.15
558,13.8,5.663806888,-0.24
559,14.5,7.352542992,-0.31
560,16.5,18.61336698,-0.79
561,17,7.051847856,-0.3
562,17,2.949540788,-0.13
563,17,2.947540564,-0.13
564,15.4,-5.736543854,0.24
565,10.1,-2.557967732,0.11
566,4.8,-1.26E-12,0
567,0,-2.47E-13,0
568,0,-2.63E-14,0
569,0,-9.50E-15,0
570,0,-4.98E-15,0
571,0,-3.03E-15,0
572,0,-1.99E-15,0
573,0,-1.36E-15,0
574,0,-9.62E-16,0
575,0,-6.91E-16,0
576,0,-5.03E-16,0
577,0,-3.69E-16,0
578,0,-2.73E-16,0
579,0,-2.02E-16,0
580,0,-1.51E-16,0
581,0,-1.13E-16,0
582,0,-8.43E-17,0
583,0,-6.31E-17,0
584,0,-4.74E-17,0
585,0,-3.55E-17,0
586,0,-2.67E-17,0
587,0,-2.01E-17,0
588,0,-1.51E-17,0
589,0,-1.13E-17,0
590,0,-8.53E-18,0
591,0,-6.41E-18,0
592,0,-4.83E-18,0
593,0,-3.63E-18,0
594,0,-2.73E-18,0
595,0,-2.05E-18,0
596,0,-1.55E-18,0
597,0,-1.16E-18,0
598,0,-8.75E-19,0
599,0,-6.58E-19,0
600,0,-4.95E-19,0
601,1,0.465840565,-0.04
602,2.1,1.286841013,-0.05
603,4.8,6.426865234,-0.27
604,9.1,19.16180304,-0.82
605,14.2,36.04778331,-1.54
606,19.8,55.92753591,-2.39
607,25.5,74.28002818,-3.17
608,30.5,77.99397651,-3.33
609,34.8,77.11486679,-3.29
610,38.8,80.31694707,-3.43
611,42.9,90.75064908,-3.87
612,46.4,85.18420445,-3.63
613,48.3,53.47618044,-2.28
614,48.7,20.63460616,-0.88
615,48.5,6.365512202,-0.27
616,48.4,8.693145195,-0.37
617,48.2,6.291189148,-0.27
618,47.8,1.5493737,-0.07
619,47,-5.781239447,0.25
620,45.9,-10.74916237,0.46
621,44.9,-8.957502316,0.38
622,44.4,-0.802187422,0.08
623,44.3,7.533551278,-0.32
624,44.5,14.07911436,-0.6
625,45.1,23.11451243,-0.99
626,45.7,23.48721373,-1
627,46,16.95266013,-0.72
628,46,10.2382331,-0.44
629,46,10.23821807,-0.44
630,46.1,12.51358765,-0.53
631,46.7,24.11416738,-1.03
632,47.7,34.01685841,-1.45
633,48.9,39.26448981,-1.67
634,50.3,44.90501449,-1.92
635,51.6,43.95749696,-1.87
636,52.6,38.10971886,-1.63
637,53,23.04896935,-0.98
638,53,12.71703955,-0.54
639,52.9,10.10446149,-0.43
640,52.7,7.475167487,-0.32
641,52.6,10.00611005,-0.43
642,53.1,25.6994075,-1.1
643,54.3,44.23047326,-1.89
644,55.2,37.83087295,-1.61
645,55.5,21.80814829,-0.93
646,55.9,24.75623288,-1.06
647,56.3,24.99699896,-1.07
648,56.7,25.23905622,-1.08
649,56.9,19.80616444,-0.84
650,56.8,11.45096113,-0.49
651,56,-5.92886195,0.25
652,54.2,-25.63875152,1.09
653,52.1,-30.90723202,1.32
654,50.1,-27.89004549,1.19
655,47.2,-43.61727364,1.62
656,43.2,-58.41352453,1.62
657,39.2,-52.98742028,1.62
658,36.5,-31.16078063,1.33
659,34.3,-22.66870474,0.97
660,31,-33.5600928,1.43
661,26,-44.10680673,1.62
662,20.7,-37.51295632,1.6
663,15.4,-23.42801365,1
664,13.1,-5.405614114,0.23
665,12,-1.208385678,0.08
666,12.5,5.101234631,-0.22
667,14,12.41259399,-0.53
668,19,48.30188096,-2.06
669,23.2,50.90110244,-2.17
670,28,69.28598233,-2.95
671,32,66.62743111,-2.84
672,34,38.82489022,-1.66
673,36,41.11088721,-1.75
674,38,43.41797905,-1.85
675,40,45.7450186,-1.95
676,40.3,14.35096483,-0.61
677,40.5,12.46805336,-0.53
678,39,-15.25817071,0.65
679,35.7,-38.81595511,1.62
680,31.8,-41.57296981,1.62
681,27.1,-43.11657457,1.62
682,22.8,-32.80223702,1.4
683,21.1,-10.28528393,0.44
684,18.9,-12.73007805,0.54
685,18.9,3.316773733,-0.14
686,21.3,28.37073593,-1.21
687,23.9,34.29234553,-1.46
688,25.9,29.74026564,-1.27
689,28.4,39.19325686,-1.67
690,30.3,33.23475907,-1.42
691,30.9,14.9529889,-0.64
692,31.1,9.02121979,-0.38
693,31.8,16.98083323,-0.72
694,32.7,20.6914631,-0.88
695,33.2,14.5898977,-0.62
696,32.4,-4.711997362,0.2
697,28.3,-38.88058259,1.62
698,25.8,-20.04046147,0.85
699,23.1,-19.66965079,0.84
700,21.8,-7.418117007,0.32
701,21.2,-1.79853021,0.08
702,21,1.705410273,-0.07
703,21,3.742337165,-0.16
704,20.9,2.709590845,-0.12
705,19.9,-4.62333086,0.2
706,17.9,-10.76311104,0.46
707,15.1,-10.82199816,0.46
708,12.8,-4.89486668,0.21
709,12,-0.71171146,0.08
710,13.2,9.801969442,-0.42
711,17.1,34.55500647,-1.47
712,21.1,44.10120035,-1.88
713,21.8,11.29760504,-0.48
714,21.2,-1.798561235,0.08
715,18.5,-15.8797202,0.68
716,13.9,-15.25628593,0.65
717,12,-2.687018007,0.11
718,12,1.994452943,-0.09
719,13,8.424916491,-0.36
720,16,25.5514478,-1.09
721,18.5,25.38680138,-1.08
722,20.6,24.46880931,-1.04
723,22.5,24.66915808,-1.05
724,24,21.77286452,-0.93
725,26.6,38.11934715,-1.63
726,29.9,52.52926071,-2.24
727,34.8,87.0521625,-3.71
728,37.8,60.61396782,-2.59
729,40.2,53.18863568,-2.27
730,41.6,36.53866496,-1.56
731,41.9,15.06985129,-0.64
732,42,11.02551162,-0.47
733,42.2,13.1503068,-0.56
734,42.4,13.23130642,-0.56
735,42.7,15.43234035,-0.66
736,43.1,17.71484974,-0.76
737,43.7,22.2808167,-0.95
738,44,16.03082227,-0.68
739,44.1,11.78176023,-0.5
740,45.3,36.08223159,-1.54
741,46.4,35.0259216,-1.49
742,47.2,29.06744261,-1.24
743,47.3,12.98874448,-0.55
744,47.4,13.0274281,-0.56
745,47.4,10.71886551,-0.46
746,47.5,13.06656164,-0.56
747,47.9,20.2286963,-0.86
748,48.6,27.72690823,-1.18
749,49.4,30.69858738,-1.31
750,49.8,21.26768687,-0.91
751,49.8,11.55428916,-0.49
752,49.7,9.098005651,-0.39
753,49.3,1.779218178,-0.08
754,48.5,-5.843999622,0.25
755,47.6,-7.549488117,0.32
756,46.3,-14.19924087,0.61
757,43.7,-35.35758671,1.51
758,39.3,-59.07947652,1.62
759,34.1,-61.25759382,1.62
760,29,-50.64771004,1.62
761,23.7,-42.76295461,1.62
762,18.4,-33.53042669,1.43
763,14.3,-14.51166426,0.62
764,12,-3.48767236,0.15
765,12.8,7.051137933,-0.3
766,16,27.05239272,-1.15
767,19.1,31.67553911,-1.35
768,22.4,39.54410425,-1.69
769,25.6,44.16055058,-1.88
770,30.1,70.01879904,-2.99
771,35.3,93.31100953,-3.98
772,39.9,93.96654247,-4.01
773,44.5,104.7511592,-4.47
774,47.5,76.30095749,-3.25
775,50.9,91.39620169,-3.9
776,54.1,92.23099738,-3.93
777,56.3,70.35754353,-3
778,58.1,62.79904691,-2.68
779,59.8,62.27839331,-2.66
780,61.1,53.40957315,-2.28
781,62.1,46.54744491,-1.99
782,62.8,38.37235088,-1.64
783,63.3,32.56810532,-1.39
784,63.6,26.55170283,-1.13
785,64,29.93435665,-1.28
786,64.7,39.92925225,-1.7
787,65.2,33.94368397,-1.45
788,65.3,21.22465764,-0.91
789,65.3,18.03286228,-0.77
790,65.4,21.27890655,-0.91
791,65.7,27.87183401,-1.19
792,66,28.06385865,-1.2
793,65.6,5.375454815,-0.23
794,63.5,-36.04857241,1.54
795,59.7,-75.6819041,1.62
796,54.6,-96.44638465,1.62
797,49.3,-90.83993762,1.62
798,44.9,-67.57946364,1.62
799,42.3,-34.31687537,1.46
800,41.4,-7.004171488,0.3
801,41.3,6.768255973,-0.29
802,42.1,25.44349655,-1.09
803,44.7,63.40582445,-2.7
804,48.4,93.66597396,-3.99
805,51.4,82.78036244,-3.53
806,52.7,45.10922298,-1.92
807,53,20.50758108,-0.87
808,52.5,-0.178773404,0.08
809,51.3,-13.40763444,0.57
810,49.7,-20.37845508,0.87
811,47.4,-32.42994934,1.38
812,43.7,-54.23761183,1.62
813,39.7,-53.76994946,1.62
814,35.5,-50.6468808,1.62
815,31.1,-46.47124707,1.62
816,26.3,-42.79740167,1.62
817,21.9,-32.41211778,1.38
818,18,-23.48656549,1
819,17,-3.741962946,0.16
820,18,11.82857221,-0.5
821,21.4,38.74221034,-1.65
822,24.8,45.21612153,-1.93
823,27.9,46.59580629,-1.99
824,30.8,48.27291763,-2.06
825,33,40.79255378,-1.74
826,35.1,41.75421086,-1.78
827,37.1,42.45728812,-1.81
828,38.9,41.05013223,-1.75
829,41.4,56.74989073,-2.42
830,44,62.41925327,-2.66
831,46.3,59.43847411,-2.53
832,47.7,42.45771168,-1.81
833,48.2,22.77421582,-0.97
834,48.7,23.07103418,-0.98
835,49.3,25.8407046,-1.1
836,49.8,23.73109904,-1.01
837,50.2,21.51905173,-0.92
838,50.9,29.38156117,-1.25
839,51.8,35.10105587,-1.5
840,52.5,30.52964735,-1.3
841,53.3,33.72318999,-1.44
842,54.5,44.53113183,-1.9
843,55.7,45.6630273,-1.95
844,56.5,36.2590051,-1.55
845,56.8,22.58351826,-0.96
846,57,19.90724311,-0.85
847,57.2,20.0098961,-0.85
848,57.7,28.74246047,-1.23
849,58.7,43.5305803,-1.86
850,60.1,55.01654303,-2.35
851,61.1,45.69214249,-1.95
852,61.7,34.50326823,-1.47
853,62.3,34.95552828,-1.49
854,62.9,35.41113131,-1.51
855,63.3,29.50301424,-1.26
856,63.4,20.25108819,-0.86
857,63.5,20.30317856,-0.87
858,64.5,48.82884884,-2.08
859,65.8,58.36588119,-2.49
860,66.8,50.99726265,-2.17
861,67.4,38.93542688,-1.66
862,68.8,64.46358025,-2.75
863,71.1,94.0966363,-4.01
864,72.3,62.43754171,-2.66
865,72.8,39.83948056,-1.7
866,73.4,43.9422096,-1.87
867,74.6,64.97150126,-2.77
868,76,72.89837062,-3.11
869,76.6,46.76802331,-1.99
870,76.5,20.35466086,-0.87
871,76.2,12.73156436,-0.54
872,75.8,8.849645812,-0.38
873,75.4,8.69404346,-0.37
874,74.8,1.162306847,-0.05
875,73.9,-7.439480725,0.32
876,72.7,-15.5157563,0.66
877,71.3,-20.67340427,0.88
878,70.4,-7.725790562,0.33
879,70,6.753388791,-0.29
880,70,20.44872865,-0.87
881,69,-10.33602834,0.44
882,68,-10.35559534,0.44
883,68,19.40952403,-0.83
884,68,19.41001446,-0.83
885,68.1,22.79865519,-0.97
886,68.4,29.68035192,-1.27
887,68.6,26.44641029,-1.13
888,68.7,23.13877093,-0.99
889,68.5,12.96255082,-0.55
890,68.1,6.141040947,-0.26
891,67.3,-5.441950944,0.23
892,66.2,-12.79105991,0.55
893,64.8,-19.82795302,0.85
894,63.6,-14.9999256,0.64
895,62.6,-10.33499144,0.44
896,62.1,1.395579778,-0.06
897,61.9,10.42009145,-0.44
898,61.9,16.47535639,-0.7
899,61.8,13.40661401,-0.57
900,61.5,7.274489347,-0.31
901,60.9,-1.371158274,0.08
902,59.7,-14.60483089,0.62
903,54.6,-96.64342061,1.62
904,49.3,-91.02576485,1.62
905,44.9,-67.71833216,1.62
906,42.3,-34.3878619,1.47
907,41.4,-7.01874015,0.3
908,41.3,6.782373677,-0.29
909,42.1,25.49677487,-1.09
910,44.7,63.53965393,-2.71
911,48.4,93.86495693,-4
912,51.4,82.95585888,-3.54
913,52.7,45.20412616,-1.93
914,54,46.46597158,-1.98
915,57,92.32197044,-3.94
916,58.1,45.54664339,-1.94
917,59.2,46.57040731,-1.99
918,59,9.42947286,-0.4
919,59.1,18.13698469,-0.77
920,59.5,27.08116545,-1.15
921,60.5,45.21945002,-1.93
922,62.3,68.04569751,-2.9
923,63.9,64.58340408,-2.75
924,65.1,54.96175091,-2.34
925,64.1,-10.36522445,0.44
926,62.7,-19.5024628,0.83
927,62,-3.516910186,0.15
928,61.3,-3.573748463,0.15
929,60.9,4.123468075,-0.18
930,60.5,4.024793515,-0.17
931,60.2,6.89220951,-0.29
932,59.8,3.855389503,-0.16
933,59.4,3.76041505,-0.16
934,58.6,-5.910687174,0.25
935,57.5,-12.24614286,0.52
936,56.6,-8.021028457,0.34
937,56,-1.851083591,0.08
938,55.5,0.195031583,0
939,55,0.118492125,0
940,54.4,-1.975855088,0.08
941,54.1,5.267220316,-0.22
942,54,10.52094835,-0.45
943,53.9,10.48722491,-0.45
944,53.9,13.12362683,-0.56
945,54,15.80539768,-0.67
946,54.2,18.54758678,-0.79
947,55,35.13667299,-1.5
948,55.8,35.7755278,-1.53
949,56.2,25.05476481,-1.07
950,56.1,11.25326214,-0.48
951,55.1,-9.996753463,0.43
952,52.7,-37.81221763,1.61
953,48.4,-71.15369021,1.62
954,43.1,-79.69127286,1.62
955,37.8,-69.76622487,1.62
956,32.5,-59.69982484,1.62
957,27.2,-49.50656207,1.62
958,25.1,-15.86732647,0.68
959,26,16.20992877,-0.69
960,29.3,51.73579666,-2.21
961,34.6,93.48371185,-3.99
962,40.4,118.3959335,-5.05
963,45.3,113.4491262,-4.84
964,49,95.14660752,-4.06
965,51.1,61.5457988,-2.62
966,52.1,37.88193136,-1.62
967,52.2,15.03499459,-0.64
968,52.1,9.893947311,-0.42
969,51.7,2.185352195,-0.09
970,50.9,-5.930507265,0.25
971,49.2,-22.07531601,0.94
972,45.9,-50.05719751,1.62
973,40.6,-75.05077785,1.62
974,35.3,-65.05426668,1.62
975,30,-54.923191,1.62
976,24.7,-44.67207292,1.62
977,19.3,-35.96068479,1.53
978,16,-15.13505711,0.65
979,13.2,-7.139183791,0.3
980,10.7,-1.156278176,0.08
981,8.8,-3.11E-12,0
982,7.2,-2.54E-12,0
983,5.5,-1.98E-12,0
984,3.2,-1.25E-12,0
985,1.1,-5.31E-13,0
986,0,-1.02E-13,0
987,0,-2.36E-14,0
988,0,-1.08E-14,0
989,0,-6.21E-15,0
990,0,-3.95E-15,0
991,0,-2.66E-15,0
992,0,-1.85E-15,0
993,0,-1.32E-15,0
994,0,-9.54E-16,0
995,0,-6.98E-16,0
996,0,-5.14E-16,0
997,0,-3.81E-16,0
998,0,-2.83E-16,0
999,0,-2.11E-16,0
1000,0,-1.58E-16,0
1001,0,-1.18E-16,0
1002,0,-8.87E-17,0
1003,0,-6.66E-17,0
1004,0,-5.00E-17,0
1005,0,-3.75E-17,0
1006,0,-2.82E-17,0
1007,0,-2.12E-17,0
1008,0,-1.60E-17,0
1009,0,-1.20E-17,0
1010,0,-9.03E-18,0
1011,0,-6.79E-18,0
1012,0,-5.11E-18,0
1013,0,-3.84E-18,0
1014,0,-2.89E-18,0
1015,0,-2.18E-18,0
1016,0,-1.64E-18,0
1017,0,-1.23E-18,0
1018,0,-9.27E-19,0
1019,0,-6.97E-19,0
1020,0,-5.25E-19,0
1021,0,-3.95E-19,0
1022,0,-2.97E-19,0
1023,0,-2.23E-19,0
1024,0,-1.68E-19,0
1025,0,-1.27E-19,0
1026,0,-9.52E-20,0
1027,0.8,0.300936371,-0.04
1028,3.6,4.793410487,-0.2
1029,8.6,20.59551178,-0.88
1030,14.6,43.21556691,-1.84
1031,20,55.00109519,-2.35
1032,24.4,56.26743732,-2.4
1033,28.2,56.65352804,-2.42
1034,31.7,58.82552044,-2.51
1035,35,61.42961579,-2.62
1036,37.6,53.47836728,-2.28
1037,39.7,47.40837953,-2.02
1038,41.5,44.03057683,-1.88
1039,43.6,52.17765975,-2.23
1040,46,61.26241233,-2.61
1041,48.4,64.56007452,-2.75
1042,50.5,60.81773388,-2.59
1043,51.9,46.7527905,-1.99
1044,52.6,30.69515508,-1.31
1045,52.8,17.88512258,-0.76
1046,52.9,15.34118393,-0.65
1047,53.1,18.02954313,-0.77
1048,53.3,18.1262601,-0.77
1049,53.1,7.63041403,-0.33
1050,52.3,-5.955767503,0.25
1051,50.7,-20.76571218,0.89
1052,48.8,-25.50250221,1.09
1053,46.5,-31.99650981,1.36
1054,43.8,-37.34603088,1.59
1055,40.3,-47.15351367,1.62
1056,36,-52.91288037,1.62
1057,30.7,-56.29722802,1.62
1058,25.4,-46.05594304,1.62
1059,21,-31.23750999,1.33
1060,16.7,-22.44624577,0.96
1061,13.4,-9.211872492,0.39
1062,12,-1.751288919,0.08
1063,12.1,2.619730653,-0.11
1064,12.8,6.498441162,-0.28
1065,15.6,23.54698452,-1
1066,19.9,44.48778964,-1.9
1067,23.4,43.8229639,-1.87
1068,24.6,18.88447782,-0.81
1069,25.2,12.02136089,-0.51
1070,26.4,20.32350518,-0.87
1071,28.8,38.56954923,-1.64
1072,31.8,51.47105202,-2.2
1073,35.3,65.31619763,-2.79
1074,39.5,85.99993859,-3.67
1075,44.5,113.64326,-4.85
1076,49.3,121.3665014,-5.18
1077,53.3,111.2315478,-4.74
1078,56.4,94.10888976,-4.01
1079,58.9,82.03826317,-3.5
1080,61.2,79.92959104,-3.41
1081,62.6,57.86458066,-2.47
1082,63,29.40066504,-1.25
1083,62.5,1.483730743,-0.06
1084,60.9,-23.66882106,1.01
1085,59.3,-23.25691624,0.99
1086,58.6,-3.770041242,0.16
1087,58.6,15.0586658,-0.64
1088,58.7,17.98102223,-0.77
1089,58.8,18.02912971,-0.77
1090,58.8,15.14513859,-0.65
1091,58.8,15.14538966,-0.65
1092,59.1,23.97818309,-1.02
1093,60.1,44.94867509,-1.92
1094,61.7,62.18029862,-2.65
1095,63,55.63143599,-2.37
1096,63.7,39.29412893,-1.68
1097,63.9,23.72384397,-1.01
1098,63.5,4.808959772,-0.21
1099,62.3,-14.91752797,0.64
1100,60.3,-32.36405714,1.38
1101,58.9,-18.85635119,0.8
1102,58.4,0.67972611,-0.04
1103,58.8,26.70071971,-1.14
1104,60.2,55.33480374,-2.36
1105,62.3,76.18933412,-3.25
1106,63.9,64.72991074,-2.76
1107,64.5,36.78075589,-1.57
1108,64.4,14.52702808,-0.62
1109,63.5,-8.052926883,0.34
1110,62,-21.69204409,0.93
1111,61.2,-5.836858148,0.25
1112,61.3,19.26015689,-0.82
1113,62.6,55.23742201,-2.36
1114,65.3,97.85322448,-4.17
1115,68,102.3020092,-4.36
1116,69.4,65.38785348,-2.79
1117,69.7,30.65061142,-1.31
1118,69.3,6.54543269,-0.28
1119,68.1,-15.37856741,0.66
1120,66.9,-15.30437429,0.65
1121,66.2,-3.114927156,0.13
1122,65.7,2.215868822,0
1123,64.9,-5.638972447,0.24
1124,63.2,-26.55975832,1.13
1125,60.3,-54.95802582,1.62
1126,55.8,-86.27946797,1.62
1127,50.5,-93.51195625,1.62
1128,45.2,-83.76323942,1.62
1129,40.1,-71.23498436,1.62
1130,36.2,-47.83202565,1.62
1131,32.9,-35.93612622,1.53
1132,29.8,-30.15460234,1.29
1133,26.6,-27.76360416,1.18
1134,23,-27.35226572,1.17
1135,19.4,-23.20957778,0.99
1136,16.3,-14.72832629,0.63
1137,14.6,-5.397503423,0.23
1138,14.2,-0.176229818,0.08
1139,14.3,3.151016904,-0.13
1140,14.6,4.640268231,-0.2
1141,15.1,6.269835651,-0.27
1142,16.4,13.15707666,-0.56
1143,19.1,28.22637414,-1.2
1144,22.5,41.03931777,-1.75
1145,24.4,27.02775526,-1.15
1146,24.8,9.416920927,-0.4
1147,22.7,-14.44493481,0.62
1148,17.4,-31.95684362,1.36
1149,13.8,-11.28377225,0.48
1150,12,-2.505347471,0.11
1151,12,2.009797564,-0.09
1152,12,2.037443292,-0.09
1153,13.9,15.03398126,-0.64
1154,18.8,35.24446542,-1.5
1155,25.1,60.06694269,-2.56
1156,29.8,64.20316656,-2.74
1157,33.8,63.9953491,-2.73
1158,38.2,73.57984779,-3.14
1159,43.4,85.91221436,-3.66
1160,48.9,70.5726612,-3.01
1161,53.8,71.17086973,-3.04
1162,57.8,73.40662917,-3.13
1163,61.5,60.68516555,-2.59
1164,65,68.19051429,-2.91
1165,68.4,61.29078751,-2.61
1166,71.6,68.74101053,-2.93
1167,73,60.91416994,-2.6
1168,74.3,62.89458632,-2.68
1169,76.2,59.40044532,-2.53
1170,77.9,63.86886954,-2.72
1171,79.5,54.3297273,-2.32
1172,81,61.32378952,-2.62
1173,82.3,62.8706894,-2.68
1174,83.5,58.44180216,-2.49
1175,84.6,65.79222344,-2.81
1176,85.5,51.96877554,-2.22
1177,86.3,55.93780487,-2.39
1178,87.1,56.9461092,-2.43
1179,88.1,54.76647401,-2.34
1180,89.1,48.52641554,-2.07
1181,90.1,49.1799766,-2.1
1182,91,49.83894581,-2.13
1183,91.7,50.50336907,-2.15
1184,92.3,55.09656273,-2.35
1185,92.8,55.87968119,-2.38
1186,93.1,48.73247416,-2.08
1187,93.1,45.28132393,-1.93
1188,93.1,53.81005491,-2.29
1189,93.1,50.42082564,-2.15
1190,93.1,55.11007906,-2.35
1191,93.1,51.66367355,-2.2
1192,93.1,60.36810559,-2.57
1193,93.1,48.81122602,-2.08
1194,93.1,49.27732862,-2.1
1195,93.1,45.49550954,-1.94
1196,93.2,45.85241417,-1.96
1197,93.2,50.50419387,-2.15
1198,93.3,50.98139191,-2.17
1199,93.7,47.11640995,-2.01
1200,94.2,60.62649079,-2.59
1201,95,52.52921951,-2.24
1202,95.8,57.46425375,-2.45
1203,96.4,58.08830432,-2.48
1204,96.8,45.2398345,-1.93
1205,97,50.00238501,-2.13
1206,97.1,45.87020921,-1.96
1207,97.2,46.14257748,-1.97
1208,97.3,55.52291631,-2.37
1209,97.4,51.44543833,-2.19
1210,97.4,51.83519675,-2.21
1211,97.4,52.22707513,-2.23
1212,97.4,47.98576805,-2.05
1213,97.3,48.26733796,-2.06
1214,97.3,48.55010635,-2.07
1215,97.3,48.83409994,-2.08
1216,97.3,63.26403454,-2.7
1217,97.2,49.67470492,-2.12
1218,97.1,45.23787645,-1.93
1219,97,45.42087848,-1.94
1220,96.9,45.60441165,-1.94
1221,96.7,45.78850212,-1.95
1222,96.4,41.22273725,-1.76
1223,96.1,41.31086242,-1.76
1224,95.7,46.16028668,-1.97
1225,95.5,41.57429596,-1.77
1226,95.3,46.44012982,-1.98
1227,95.2,41.83902769,-1.78
1228,95,41.9281618,-1.79
1229,94.9,46.81590971,-2
1230,94.7,42.19458466,-1.8
1231,94.5,47.09876532,-2.01
1232,94.4,42.46231466,-1.81
1233,94.4,47.38291824,-2.02
1234,94.3,42.73133588,-1.82
1235,94.3,42.8219263,-1.83
1236,94.1,47.76449812,-2.04
1237,93.9,43.09266332,-1.84
1238,93.4,48.05170107,-2.05
1239,92.8,43.36472,-1.85
1240,92,48.34021741,-2.06
1241,91.3,48.53257182,-2.07
1242,90.6,48.72551889,-2.08
1243,90,48.91904567,-2.09
1244,89.3,44.18681025,-1.88
1245,88.7,44.27976415,-1.89
1246,88.1,39.45065457,-1.68
1247,87.4,39.45242164,-1.68
1248,86.7,39.45417753,-1.68
1249,86,34.54802538,-1.47
1250,85.3,39.37175581,-1.68
1251,84.7,39.37349283,-1.68
1252,84.1,39.37524198,-1.68
1253,83.5,34.47339131,-1.47
1254,82.9,34.39429789,-1.47
1255,82.3,34.31531949,-1.46
1256,81.7,34.23646834,-1.46
1257,81.1,29.28890958,-1.25
1258,80.5,24.29665311,-1.04
1259,79.9,24.08969039,-1.03
1260,79.4,19.0854028,-0.81
1261,79,28.40388528,-1.21
1262,78.7,28.25859232,-1.21
1263,78.7,32.90115473,-1.4
1264,78.8,28.04226198,-1.2
1265,79.1,32.67051425,-1.39
1266,79.4,27.82710928,-1.19
1267,79.6,27.68395152,-1.18
1268,79.8,32.28822558,-1.38
1269,79.8,36.96931956,-1.58
1270,79.6,32.21398732,-1.37
1271,79.3,36.89046785,-1.57
1272,78.9,27.40251947,-1.17
1273,78.5,27.26092056,-1.16
1274,78.2,13.05607155,-0.56
1275,77.9,8.141160616,-0.35
1276,77.7,-0.994125798,0
1277,77.7,2.914667206,-0.12
1278,77.8,2.618609957,-0.11
1279,77.9,6.801675208,-0.29
1280,78.1,2.085201041,-0.09
1281,78.3,6.213455088,-0.26
1282,78.3,5.949047597,-0.25
1283,78.4,1.34340092,-0.06
1284,78.4,1.081259932,-0.05
1285,78.4,0.825032166,-0.04
1286,78.2,0.574687615,-0.04
1287,78,4.533554454,-0.19
1288,77.7,4.298136689,-0.18
1289,77.3,4.066965374,-0.17
1290,76.9,3.840000012,-0.16
1291,76.6,3.61721156,-0.15
1292,76.2,3.398570982,-0.14
1293,75.7,3.184049252,-0.14
1294,75.2,2.973617352,-0.13
1295,74.7,2.767246274,-0.12
1296,74.4,6.508699545,-0.28
1297,74.3,14.19667327,-0.61
1298,74.4,14.05316005,-0.6
1299,74.6,13.91064789,-0.59
1300,74.9,13.7691263,-0.59
1301,75.1,13.62859172,-0.58
1302,75.3,13.48904061,-0.58
1303,75.5,13.3504694,-0.57
1304,75.8,13.21287454,-0.56
1305,75.9,13.07625247,-0.56
1306,76,-1.671854114,0
1307,76,24.03141324,-1.02
1308,76,24.03206444,-1.02
1309,75.9,20.21745515,-0.86
1310,75.9,23.97363477,-1.02
1311,75.8,20.16394679,-0.86
1312,75.7,20.10999664,-0.86
1313,75.5,16.2695575,-0.69
1314,75.2,12.4089483,-0.53
1315,75,16.02568329,-0.68
1316,74.7,12.1914592,-0.52
1317,74.1,0.976207488,-0.04
1318,73.7,8.12775277,-0.35
1319,73.3,7.979491483,-0.34
1320,73.5,29.86064289,-1.27
1321,74,41.22331695,-1.76
1322,74.9,56.43389554,-2.41
1323,76.1,67.2928398,-2.87
1324,77.7,82.27399709,-3.51
1325,79.2,80.8709163,-3.45
1326,80.3,68.69570869,-2.93
1327,80.8,47.12331617,-2.01
1328,81,35.21415512,-1.5
1329,81,27.17448144,-1.16
1330,81,27.17528328,-1.16
1331,81,27.1760743,-1.16
1332,81,27.17686538,-1.16
1333,80.9,23.10271868,-0.99
1334,80.6,14.94625004,-0.64
1335,80.3,14.79754859,-0.63
1336,80,14.64985005,-0.62
1337,79.9,22.50832627,-0.96
1338,79.8,22.44987684,-0.96
1339,79.8,26.40533022,-1.13
1340,79.8,26.40607308,-1.13
1341,79.9,30.43505016,-1.3
1342,80,30.50519817,-1.3
1343,80.4,42.77769372,-1.82
1344,80.8,43.11998066,-1.84
1345,81.2,43.46418589,-1.85
1346,81.5,39.66572552,-1.69
1347,81.6,31.63409955,-1.35
1348,81.6,27.58421545,-1.18
1349,81.4,19.3838598,-0.83
1350,80.7,-0.705085795,0.08
1351,79.6,-12.72269264,0.54
1352,78.2,-21.45648187,0.92
1353,76.8,-21.37254135,0.91
1354,75.3,-24.03503201,1.03
1355,73.8,-23.85445984,1.02
1356,72.1,-28.92723596,1.23
1357,70.2,-33.66062054,1.44
1358,68.2,-35.5458001,1.52
1359,66.1,-37.51897764,1.6
1360,63.8,-41.99914994,1.62
1361,61.6,-38.29375443,1.62
1362,60.2,-19.24715645,0.82
1363,59.8,3.892601115,-0.17
1364,60.4,33.92200717,-1.45
1365,61.8,57.47595556,-2.45
1366,62.6,41.81283907,-1.78
1367,62.7,20.11956839,-0.86
1368,61.9,-5.849125327,0.25
1369,60,-30.24118941,1.29
1370,58.4,-23.20418419,0.99
1371,57.8,-1.708977609,0.08
1372,57.8,14.83995855,-0.63
1373,57.8,14.84030067,-0.63
1374,57.3,0.491887517,-0.04
1375,56.2,-12.24078515,0.52
1376,54.3,-28.03494336,1.2
1377,50.8,-59.69700268,1.62
1378,45.5,-84.9283046,1.62
1379,40.2,-74.98104408,1.62
1380,34.9,-64.88395176,1.62
1381,29.6,-54.65160984,1.62
1382,27.3,-19.45908968,0.83
1383,29.3,33.98979392,-1.45
1384,32.9,63.11078262,-2.69
1385,35.6,52.84120022,-2.25
1386,36.7,27.37628256,-1.17
1387,37.6,24.49845283,-1.04
1388,39.4,42.10923255,-1.8
1389,42.5,71.08775159,-3.03
1390,46.5,97.70868569,-4.17
1391,50.2,98.4730734,-4.2
1392,52.8,76.24030441,-3.25
1393,54.3,51.99657686,-2.22
1394,54.9,29.95977712,-1.28
1395,54.9,13.65147675,-0.58
1396,54.7,8.16803263,-0.35
1397,54.1,-2.017569315,0.09
1398,53.2,-7.986173843,0.34
1399,52.1,-11.78450627,0.5
1400,50.7,-17.21790262,0.73
1401,49.1,-20.44285556,0.87
1402,47.4,-21.63056308,0.92
1403,45.2,-29.64334999,1.26
1404,41.8,-47.74603892,1.62
1405,36.5,-67.97153377,1.62
1406,31.2,-57.77483963,1.62
1407,27.6,-33.23515364,1.42
1408,26.9,-3.152559233,0.13
1409,27.3,10.5462844,-0.45
1410,27.5,7.928879596,-0.34
1411,27.4,3.850155281,-0.16
1412,27.1,1.126188058,-0.05
1413,26.7,-0.167593389,0
1414,26.8,6.378462703,-0.27
1415,28.2,24.67052028,-1.05
1416,31.1,49.34753327,-2.1
1417,34.8,68.33507527,-2.91
1418,38.4,73.42349198,-3.13
1419,40.9,56.78041222,-2.42
1420,41.7,25.4962815,-1.09
1421,40.9,-5.529360851,0.24
1422,38.3,-31.61742155,1.35
1423,35.3,-34.76366537,1.48
1424,34.3,-7.512020621,0.32
1425,34.6,12.10406436,-0.52
1426,36.3,37.06467561,-1.58
1427,39.5,67.98587707,-2.9
1428,41.8,54.22943926,-2.31
1429,42.5,23.96357571,-1.02
1430,41.9,-2.495124182,0.11
1431,40.1,-20.28739934,0.87
1432,36.6,-43.185824,1.62
1433,31.3,-57.98422905,1.62
1434,26,-47.66192236,1.62
1435,20.6,-38.6621449,1.62
1436,19.1,-8.066945503,0.34
1437,19.7,9.321499358,-0.4
1438,21.1,18.27246374,-0.78
1439,22,13.71962012,-0.59
1440,22.1,5.116191213,-0.22
1441,21.4,-2.631445196,0.11
1442,19.6,-10.45656924,0.45
1443,18.3,-6.381816995,0.27
1444,18,0.532581597,-0.04
1445,18.3,5.941033222,-0.25
1446,18.5,5.106137806,-0.22
1447,17.9,-1.581671437,0.08
1448,15,-11.24075005,0.48
1449,9.9,-1.426724462,0.08
1450,4.6,7.49E-13,0
1451,1.2,2.59E-13,0
1452,0,4.29E-14,0
1453,0,9.35E-15,0
1454,0,4.21E-15,0
1455,0,2.40E-15,0
1456,0,1.52E-15,0
1457,0,1.02E-15,0
1458,0,7.09E-16,0
1459,0,5.05E-16,0
1460,0,3.65E-16,0
1461,0,2.67E-16,0
1462,0,1.96E-16,0
1463,0,1.46E-16,0
1464,0,1.08E-16,0
1465,0,8.07E-17,0
1466,0,6.03E-17,0
1467,0,4.52E-17,0
1468,0,3.39E-17,0
1469,0,2.54E-17,0
1470,0,1.91E-17,0
1471,0,1.43E-17,0
1472,0,1.08E-17,0
1473,0,8.10E-18,0
1474,0,6.09E-18,0
1475,0,4.58E-18,0
1476,0,3.45E-18,0
1477,0,2.59E-18,0
1478,0,1.95E-18,0
1479,2.2,2.232074618,-0.1
1480,4.4,5.063253969,-0.22
1481,6.3,6.6340426,-0.28
1482,7.9,7.331538106,-0.31
1483,9.2,7.29622166,-0.31
1484,10.4,7.786532301,-0.33
1485,11.5,8.089328878,-0.34
1486,12.9,10.96240064,-0.47
1487,14.7,15.37108607,-0.66
1488,17,21.95666669,-0.94
1489,19.8,30.50120011,-1.3
1490,23.1,41.41564247,-1.77
1491,26.7,51.76199317,-2.21
1492,30.5,61.66088471,-2.63
1493,34.1,65.39489904,-2.79
1494,37.5,68.1796523,-2.91
1495,40.6,67.96149287,-2.9
1496,43.3,64.27770911,-2.74
1497,45.7,61.46658669,-2.62
1498,47.7,55.7392243,-2.38
1499,49.3,48.97682334,-2.09
1500,50.5,41.36003176,-1.76
1501,51.3,32.60107226,-1.39
1502,52.1,33.222771,-1.42
1503,52.7,28.461228,-1.21
1504,53.4,31.59234611,-1.35
1505,54,29.35747049,-1.25
1506,54.5,27.00161209,-1.15
1507,55,27.32682544,-1.17
1508,55.6,30.47946442,-1.3
1509,56.3,33.77362972,-1.44
1510,57.2,40.15439067,-1.71
1511,58.5,51.50885366,-2.2
1512,60.2,63.64672772,-2.71
1513,62.3,76.89408449,-3.28
1514,64.7,88.67166879,-3.78
1515,67.1,92.31515117,-3.94
1516,69.2,86.41284821,-3.69
1517,70.7,70.51052314,-3.01
1518,71.9,62.80300663,-2.68
1519,72.7,51.15780885,-2.18
1520,73.4,48.17243279,-2.05
1521,73.8,37.49834188,-1.6
1522,74.1,34.04244861,-1.45
1523,74,19.261133,-0.82
1524,73.6,8.115090128,-0.35
1525,72.5,-13.02522319,0.56
1526,70.8,-28.70056077,1.22
1527,68.6,-41.4539046,1.62
1528,66.2,-46.06104723,1.62
1529,64,-39.47325985,1.62
1530,62.2,-28.80888366,1.23
1531,60.9,-17.16601228,0.73
1532,60.2,-3.69945414,0.16
1533,60,9.880846969,-0.42
1534,60.4,27.9846118,-1.19
1535,61.4,46.590567,-1.99
1536,63.2,69.98281927,-2.98
1537,65.6,90.08008904,-3.84
1538,68.4,107.1658372,-4.57
1539,71.6,126.4026392,-5.39
1540,74.9,136.6680533,-5.83
1541,78.4,150.0567406,-6.4
1542,81.8,150.0685691,-6.4
1543,84.9,149.1893861,-6.36
1544,87.4,130.039031,-5.55
1545,89,97.86617086,-4.17
1546,90,76.50696383,-3.26
1547,90.6,61.3221386,-2.62
1548,91,52.62886955,-2.24
1549,91.5,57.7131526,-2.46
1550,92,58.23857648,-2.48
1551,92.7,68.08476212,-2.9
1552,93.4,68.80057557,-2.93
1553,94.2,73.61479954,-3.14
1554,94.9,70.45885666,-3
1555,95.7,75.34591383,-3.21
1556,96.6,80.42753261,-3.43
1557,97.7,89.9266417,-3.84
1558,98.9,95.63087675,-4.08
1559,100.4,110.311349,-4.7
1560,102,117.0390295,-4.99
1561,103.6,119.5878062,-5.1
1562,105.2,122.1690586,-5.21
1563,106.8,124.7832585,-5.32
1564,108.5,132.081519,-5.63
1565,110.2,134.8137443,-5.75
1566,111.9,137.7340553,-5.87
1567,113.7,145.6214122,-6.21
1568,115.3,138.8547968,-5.92
1569,116.8,136.5789025,-5.82
1570,118.2,134.043996,-5.72
1571,119.5,131.2573836,-5.6
1572,120.7,128.3830608,-5.48
1573,121.8,125.1541854,-5.34
1574,122.6,111.092244,-4.74
1575,123.2,101.7181995,-4.34
1576,123.6,91.99811604,-3.92
1577,123.7,73.97335721,-3.15
1578,123.6,61.45412518,-2.62
1579,123.3,48.75773098,-2.08
1580,123,48.41362898,-2.06
1581,122.5,35.64095884,-1.52
1582,122.1,41.31962606,-1.76
1583,121.5,28.59004395,-1.22
1584,120.8,21.91933952,-0.93
1585,120,15.25647895,-0.65
1586,119.1,8.584098569,-0.37
1587,118.1,1.970372436,-0.08
1588,117.1,1.298641151,-0.06
1589,116.2,6.488769439,-0.28
1590,115.5,17.50552739,-0.75
1591,114.9,22.76465002,-0.97
1592,114.5,33.86158234,-1.44
1593,114.1,33.49671974,-1.43
1594,113.9,44.69854379,-1.91
1595,113.7,44.49939718,-1.9
1596,113.3,32.77508065,-1.4
1597,112.9,32.41611542,-1.38
1598,112.2,15.00541107,-0.64
1599,111.4,8.876239408,-0.38
1600,110.5,2.781926964,-0.12
1601,109.5,-2.472242798,0.11
1602,108.5,-2.871550654,0.12
1603,107.7,6.498657123,-0.28
1604,107.1,16.79488383,-0.72
1605,106.6,21.75899901,-0.93
1606,106.4,37.55433954,-1.6
1607,106.2,37.37718753,-1.59
1608,106.2,48.0163276,-2.05
1609,106.2,48.01875565,-2.05
1610,106.4,58.90186857,-2.51
1611,106.5,53.66636544,-2.29
1612,106.8,64.71995156,-2.76
1613,107.2,70.58506272,-3.01
1614,107.8,81.53906053,-3.48
1615,108.5,86.93859676,-3.71
1616,109.4,97.17986923,-4.14
1617,110.5,107.9392211,-4.6
1618,111.7,114.3866513,-4.88
1619,113,121.1119424,-5.17
1620,114.1,113.3109765,-4.83
1621,115.1,110.0198342,-4.69
1622,115.9,101.5315241,-4.33
1623,116.5,92.66181707,-3.95
1624,116.7,71.10201172,-3.03
1625,116.6,53.42236762,-2.28
1626,116.2,35.52247085,-1.51
1627,115.2,0.07651813,-0.04
1628,113.8,-17.59856823,0.75
1629,112,-34.73712119,1.48
1630,110.1,-39.03951647,1.62
1631,108.3,-35.15141992,1.5
1632,107,-15.41984886,0.66
1633,106.1,0.269186783,-0.04
1634,105.8,31.77783346,-1.36
1635,105.7,42.28671981,-1.8
1636,105.7,47.59286899,-2.03
1637,105.6,42.19710644,-1.8
1638,105.3,31.36696599,-1.34
1639,104.9,25.78989307,-1.1
1640,104.4,20.18927899,-0.86
1641,104,25.10182435,-1.07
1642,103.8,35.34073959,-1.51
1643,103.9,51.06929389,-2.18
1644,104.4,72.61552781,-3.1
1645,105.1,82.80110875,-3.53
1646,106.1,97.40463088,-4.15
1647,107.2,103.4421534,-4.41
1648,108.5,114.4201313,-4.88
1649,109.9,121.0805198,-5.16
1650,111.3,123.3169852,-5.26
1651,112.7,125.5772858,-5.36
1652,113.9,117.9779208,-5.03
1653,115,114.8776239,-4.9
1654,116,111.5554228,-4.76
1655,116.8,102.9876376,-4.39
1656,117.6,104.1348472,-4.44
1657,118.4,105.2918061,-4.49
1658,119.2,106.457217,-4.54
1659,120,107.631082,-4.59
1660,120.8,108.9210999,-4.65
1661,121.6,110.1208917,-4.7
1662,122.3,106.0510283,-4.52
1663,123.1,112.3877181,-4.79
1664,123.8,108.27621,-4.62
1665,124.4,104.0949656,-4.44
1666,125,104.9799139,-4.48
1667,125.4,95.02875137,-4.05
1668,125.8,95.58253732,-4.08
1669,126.1,90.41131227,-3.86
1670,126.4,90.85832347,-3.87
1671,126.6,84.75061233,-3.61
1672,126.7,78.48385968,-3.35
1673,126.8,78.62190877,-3.35
1674,126.9,78.76743005,-3.36
1675,126.9,72.36007044,-3.09
1676,126.9,72.35797468,-3.09
1677,126.8,65.82879715,-2.81
1678,126.6,59.18727996,-2.52
1679,126.3,52.45728745,-2.24
1680,126,52.10059208,-2.22
1681,125.7,51.75231994,-2.21
1682,125.6,64.29058281,-2.74
1683,125.6,70.6484157,-3.01
1684,125.8,83.65383718,-3.57
1685,126.2,96.2472893,-4.1
1686,126.6,96.83100653,-4.13
1687,127,97.4051357,-4.15
1688,127.4,97.9818456,-4.18
1689,127.6,86.32418489,-3.68
1690,127.8,86.60916224,-3.69
1691,127.9,80.28087208,-3.42
1692,128,80.42130732,-3.43
1693,128.1,80.56951758,-3.44
1694,128.2,80.71795243,-3.44
1695,128.3,80.86660709,-3.45
1696,128.4,81.01548182,-3.46
1697,128.5,81.16457692,-3.46
1698,128.6,81.31389267,-3.47
1699,128.6,74.80690841,-3.19
1700,128.5,68.16769355,-2.91
1701,128.3,61.42020523,-2.62
1702,128.1,61.1632295,-2.61
1703,127.9,60.91437102,-2.6
1704,127.6,54.104708,-2.31
1705,127.4,60.28589149,-2.57
1706,127.2,60.04662106,-2.56
1707,127,59.80086744,-2.55
1708,126.9,66.09036651,-2.82
1709,126.8,65.97239148,-2.81
1710,126.7,65.84743875,-2.81
1711,126.8,78.82148538,-3.36
1712,126.9,78.98197432,-3.37
1713,127.1,85.71921839,-3.66
1714,127.4,92.64774162,-3.95
1715,127.7,93.11869357,-3.97
1716,128.1,99.180028,-4.23
1717,128.5,99.77157927,-4.25
1718,129,105.9527746,-4.52
1719,129.5,106.7189901,-4.55
1720,130.1,113.137471,-4.82
1721,130.6,108.4094771,-4.62
1722,131,103.4843525,-4.41
1723,131.2,91.95686049,-3.92
1724,131.3,85.42418803,-3.64
1725,131.2,71.95949172,-3.07
1726,130.7,44.84925847,-1.91
1727,129.8,17.70685208,-0.76
1728,128.4,-11.8413402,0.5
1729,126.5,-36.36051294,1.55
1730,124.1,-59.91905779,1.62
1731,121.6,-64.4961705,1.62
1732,119,-69.98772247,1.62
1733,116.5,-64.8042733,1.62
1734,114.1,-60.08219738,1.62
1735,111.8,-55.76191676,1.62
1736,109.5,-55.59911621,1.62
1737,107.1,-59.59268402,1.62
1738,104.8,-55.08499526,1.62
1739,102.5,-54.7439571,1.62
1740,100.4,-46.94791141,1.62
1741,98.6,-35.74858971,1.52
1742,97.2,-21.21752269,0.9
1743,95.9,-17.77768191,0.76
1744,94.8,-10.82961571,0.46
1745,93.8,-7.51458702,0.32
1746,92.8,-7.746626816,0.33
1747,91.8,-7.969230854,0.34
1748,91,-1.303292909,0.08
1749,90.2,-1.528136446,0.08
1750,89.6,6.730455518,-0.29
1751,89.1,10.96711308,-0.47
1752,88.6,10.71494427,-0.46
1753,88.1,10.46594319,-0.45
1754,87.6,10.22007318,-0.44
1755,87.1,9.977317115,-0.43
1756,86.6,9.737657872,-0.42
1757,86.1,9.501078336,-0.41
1758,85.5,4.936446068,-0.21
1759,85,8.991317775,-0.38
1760,84.4,4.490262149,-0.19
1761,83.8,4.253021328,-0.18
1762,83.2,4.020062346,-0.17
1763,82.6,3.791366746,-0.16
1764,82,3.566904946,-0.15
1765,81.3,-0.577239723,0.08
1766,80.4,-6.828274474,0.29
1767,79.1,-18.87401353,0.8
1768,77.4,-30.40265138,1.3
1769,75.1,-47.72692182,1.62
1770,72.3,-62.15949201,1.62
1771,69.1,-71.91995733,1.62
1772,65.9,-69.05825621,1.62
1773,62.7,-66.10690395,1.62
1774,59.7,-58.21802764,1.62
1775,57,-48.64435557,1.62
1776,54.6,-39.94537688,1.62
1777,52.2,-38.42477355,1.62
1778,49.7,-38.863526,1.62
1779,46.8,-44.54042034,1.62
1780,43.5,-48.66299651,1.62
1781,39.9,-49.34414796,1.62
1782,36.4,-43.56398265,1.62
1783,33.2,-35.77647885,1.53
1784,30.5,-26.81560554,1.14
1785,28.3,-19.37981591,0.83
1786,26.3,-16.02344489,0.68
1787,24.4,-13.98636843,0.6
1788,22.5,-12.94981753,0.55
1789,20.5,-12.62198056,0.54
1790,18.2,-13.32504826,0.57
1791,15.5,-11.40792133,0.49
1792,12.3,-6.366391607,0.27
1793,8.7,-2.32E-09,0
1794,5.2,1.13E-12,0
1795,0,2.38E-13,0
1796,0,2.44E-14,0
1797,0,8.72E-15,0
1798,0,4.55E-15,0
1799,0,2.77E-15,0
1800,0,1.81E-15,0
